front_images_url,product_name,brand,category,gender,regular_price,current_price,discount_rate,color_text,material,details,sizes_available,fit,length,sleeve_length,style,lining,thickness,season,transparency,elasticity,rating,reviews,product_detail_url,crawled_at
,코튼 포플린 셔츠 드레스,MONCLER,,,,,,,,,,,,,,,,,,,,,,2026-06-18 09:05:39
,로고 자수 코튼 티셔츠,MONCLER,,,,,,,,,,,,,,,,,,,,,,2026-06-18 09:05:39
,자수 토널 로고 코튼 티셔츠,MONCLER,,,,,,,,,,,,,,,,,,,,,,2026-06-18 09:05:39
,스트라이프 코튼 & 실크 팬츠,MONCLER,,,,,,,,,,,,,,,,,,,,,,2026-06-18 09:05:39
,크로셰 트리밍 코튼 로고 티셔츠,MONCLER,,,,,,,,,,,,,,,,,,,,,,2026-06-18 09:05:39
,플록 로고 저지 티셔츠,MONCLER,,,,,,,,,,,,,,,,,,,,,,2026-06-18 09:05:39
,플로럴 무릎 길이 셔츠 드레스,MONCLER,,,,,,,,,,,,,,,,,,,,,,2026-06-18 09:05:39
,코튼 크레이프 폴로 셔츠,MONCLER,,,,,,,,,,,,,,,,,,,,,,2026-06-18 09:05:39
,비시 코튼 혼방 셔츠,MONCLER,,,,,,,,,,,,,,,,,,,,,,2026-06-18 09:05:39
,비시 코튼 혼방 플리츠 미니 스커트,MONCLER,,,,,,,,,,,,,,,,,,,,,,2026-06-18 09:05:39
,레이어드 효과 비시 코튼 혼방 티셔츠,MONCLER,,,,,,,,,,,,,,,,,,,,,,2026-06-18 09:05:39
,자수 토널 로고 코튼 티셔츠,MONCLER,,,,,,,,,,,,,,,,,,,,,,2026-06-18 09:05:39
,로고 자수 코튼 티셔츠,MONCLER,,,,,,,,,,,,,,,,,,,,,,2026-06-18 09:05:39
,로고 자수 코튼 티셔츠,MONCLER,,,,,,,,,,,,,,,,,,,,,,2026-06-18 09:05:39
,로고 자수 코튼 티셔츠,MONCLER,,,,,,,,,,,,,,,,,,,,,,2026-06-18 09:05:39
,코튼 저지 상갈로 티셔츠,MONCLER,,,,,,,,,,,,,,,,,,,,,,2026-06-18 09:05:39
,로고 패치 코튼 티셔츠(3장 세트),MONCLER,,,,,,,,,,,,,,,,,,,,,,2026-06-18 09:05:39
,코튼 니트 폴로 셔츠,MONCLER,,,,,,,,,,,,,,,,,,,,,,2026-06-18 09:05:39
,스트라이프 코튼 폴로 셔츠,MONCLER,,,,,,,,,,,,,,,,,,,,,,2026-06-18 09:05:39
,로고 패치 코튼 티셔츠(3장 세트),MONCLER,,,,,,,,,,,,,,,,,,,,,,2026-06-18 09:05:39
,로고 패치 코튼 티셔츠(3장 세트),MONCLER,,,,,,,,,,,,,,,,,,,,,,2026-06-18 09:05:39
,로고 패치 코튼 티셔츠(3장 세트),MONCLER,,,,,,,,,,,,,,,,,,,,,,2026-06-18 09:05:39
,크롭 코튼 피케 폴로 셔츠,MONCLER,,,,,,,,,,,,,,,,,,,,,,2026-06-18 09:05:39
,로고 자수 코튼 티셔츠,MONCLER,,,,,,,,,,,,,,,,,,,,,,2026-06-18 09:05:39
,코튼 저지 상갈로 티셔츠,MONCLER,,,,,,,,,,,,,,,,,,,,,,2026-06-18 09:05:39
,플리츠 포켓 장식의 코튼 저지 티셔츠,MONCLER,,,,,,,,,,,,,,,,,,,,,,2026-06-18 09:05:39
,마름모 & 로고 패턴 코튼 폴로 셔츠,MONCLER,,,,,,,,,,,,,,,,,,,,,,2026-06-18 09:05:39
,로고 자수 코튼 티셔츠,MONCLER,,,,,,,,,,,,,,,,,,,,,,2026-06-18 09:05:39
,스트라이프 코튼 폴로 셔츠,MONCLER,,,,,,,,,,,,,,,,,,,,,,2026-06-18 09:05:39
,마름모 & 로고 패턴 코튼 폴로 셔츠,MONCLER,,,,,,,,,,,,,,,,,,,,,,2026-06-18 09:05:39
,마크라메 트리밍 코튼 티셔츠,MONCLER,,,,,,,,,,,,,,,,,,,,,,2026-06-18 09:05:39
,코튼 니트 폴로 셔츠,MONCLER,,,,,,,,,,,,,,,,,,,,,,2026-06-18 09:05:39
,크롭 코튼 피케 폴로 셔츠,MONCLER,,,,,,,,,,,,,,,,,,,,,,2026-06-18 09:05:39
,자수 로고 코튼 티셔츠,MONCLER,,,,,,,,,,,,,,,,,,,,,,2026-06-18 09:05:39
,자수 토널 로고 코튼 티셔츠,MONCLER,,,,,,,,,,,,,,,,,,,,,,2026-06-18 09:05:39
,로고 자수 코튼 티셔츠,MONCLER,,,,,,,,,,,,,,,,,,,,,,2026-06-18 09:05:39
,자카드 로고 울 스웨터,MONCLER,,,,,,,,,,,,,,,,,,,,,,2026-06-18 09:05:39
,로고 자수 코튼 티셔츠,MONCLER,,,,,,,,,,,,,,,,,,,,,,2026-06-18 09:05:39
,하트 로고 코튼 티셔츠,MONCLER,,,,,,,,,,,,,,,,,,,,,,2026-06-18 09:05:39
,자수 로고 코튼 티셔츠,MONCLER,,,,,,,,,,,,,,,,,,,,,,2026-06-18 09:05:39
,모크 포켓 코튼 티셔츠,MONCLER,,,,,,,,,,,,,,,,,,,,,,2026-06-18 09:05:39
,모크 포켓 코튼 티셔츠,MONCLER,,,,,,,,,,,,,,,,,,,,,,2026-06-18 09:05:39
,플리츠 포켓 장식의 코튼 저지 티셔츠,MONCLER,,,,,,,,,,,,,,,,,,,,,,2026-06-18 09:05:39
,코튼 & 립스탑 티셔츠,MONCLER,,,,,,,,,,,,,,,,,,,,,,2026-06-18 09:05:39
,코튼 & 립스탑 티셔츠,MONCLER,,,,,,,,,,,,,,,,,,,,,,2026-06-18 09:05:39
,로고 패치 코튼 저지 티셔츠,MONCLER,,,,,,,,,,,,,,,,,,,,,,2026-06-18 09:05:39
,자수 토널 로고 코튼 티셔츠,MONCLER,,,,,,,,,,,,,,,,,,,,,,2026-06-18 09:05:39
,주얼 버튼 울 & 캐시미어 스웨터,MONCLER,,,,,,,,,,,,,,,,,,,,,,2026-06-18 09:05:39
,레이어드 울 폴로 셔츠,MONCLER,,,,,,,,,,,,,,,,,,,,,,2026-06-18 09:05:39
,마크라메 트리밍 코튼 티셔츠,MONCLER,,,,,,,,,,,,,,,,,,,,,,2026-06-18 09:05:39
,로고 패치 코튼 혼방 티셔츠(3장 세트),MONCLER,,,,,,,,,,,,,,,,,,,,,,2026-06-18 09:05:39
,로고 패치 코튼 폴로 셔츠,MONCLER,,,,,,,,,,,,,,,,,,,,,,2026-06-18 09:05:39
,마크라메 트리밍 스트라이프 코튼 티셔츠,MONCLER,,,,,,,,,,,,,,,,,,,,,,2026-06-18 09:05:39
,로고 패치 코튼 티셔츠(3장 세트),MONCLER,,,,,,,,,,,,,,,,,,,,,,2026-06-18 09:05:39
,울 롱 슬리브 폴로 셔츠,MONCLER,,,,,,,,,,,,,,,,,,,,,,2026-06-18 09:05:39
,울 롱 슬리브 폴로 셔츠,MONCLER,,,,,,,,,,,,,,,,,,,,,,2026-06-18 09:05:39
,울 롱 슬리브 폴로 셔츠,MONCLER,,,,,,,,,,,,,,,,,,,,,,2026-06-18 09:05:39
,스트라이프 코튼 & 실크 롱 슬리브 셔츠,MONCLER,,,,,,,,,,,,,,,,,,,,,,2026-06-18 09:05:39
,플로럴 퀼팅 패딩 쇼트 슬리브 셔츠,MONCLER,,,,,,,,,,,,,,,,,,,,,,2026-06-18 09:05:39
,상갈로 코튼 포플린 셔츠,MONCLER,,,,,,,,,,,,,,,,,,,,,,2026-06-18 09:05:39
,코튼 포플린 집업 셔츠 재킷,MONCLER,,,,,,,,,,,,,,,,,,,,,,2026-06-18 09:05:39
,울 카디건,MONCLER,,,,,,,,,,,,,,,,,,,,,,2026-06-18 09:05:39
,패딩 테디 & 울 집업 카디건,MONCLER,,,,,,,,,,,,,,,,,,,,,,2026-06-18 09:05:39
,코튼 패딩 카디건,MONCLER,,,,,,,,,,,,,,,,,,,,,,2026-06-18 09:05:39
,코튼 패딩 카디건,MONCLER,,,,,,,,,,,,,,,,,,,,,,2026-06-18 09:05:39
,코튼 패딩 카디건,MONCLER,,,,,,,,,,,,,,,,,,,,,,2026-06-18 09:05:39
,코튼 패딩 카디건,MONCLER,,,,,,,,,,,,,,,,,,,,,,2026-06-18 09:05:39
,지오메트릭 퀼팅 패딩 집업 카디건,MONCLER,,,,,,,,,,,,,,,,,,,,,,2026-06-18 09:05:39
,울 카디건,MONCLER,,,,,,,,,,,,,,,,,,,,,,2026-06-18 09:05:39
,지오메트릭 퀼팅 패딩 집업 카디건,MONCLER,,,,,,,,,,,,,,,,,,,,,,2026-06-18 09:05:39
,패딩 울 집업 카디건,MONCLER,,,,,,,,,,,,,,,,,,,,,,2026-06-18 09:05:39
,패딩 울 집업 카디건,MONCLER,,,,,,,,,,,,,,,,,,,,,,2026-06-18 09:05:39
,패딩 울 집업 카디건,MONCLER,,,,,,,,,,,,,,,,,,,,,,2026-06-18 09:05:39
,부클레 & 테디 집업 후디,MONCLER,,,,,,,,,,,,,,,,,,,,,,2026-06-18 09:05:39
,패딩 테디 & 울 집업 카디건,MONCLER,,,,,,,,,,,,,,,,,,,,,,2026-06-18 09:05:39
,울 & 알파카 혼방 패딩 집업 카디건,MONCLER,,,,,,,,,,,,,,,,,,,,,,2026-06-18 09:05:39
,울 패딩 집업 카디건,MONCLER,,,,,,,,,,,,,,,,,,,,,,2026-06-18 09:05:39
,울 패딩 집업 카디건,MONCLER,,,,,,,,,,,,,,,,,,,,,,2026-06-18 09:05:39
,패딩 울 집업 카디건,MONCLER,,,,,,,,,,,,,,,,,,,,,,2026-06-18 09:05:39
,패딩 울 집업 카디건,MONCLER,,,,,,,,,,,,,,,,,,,,,,2026-06-18 09:05:39
,울 & 알파카 혼방 패딩 집업 카디건,MONCLER,,,,,,,,,,,,,,,,,,,,,,2026-06-18 09:05:39
,패딩 집업 울 카디건,MONCLER,,,,,,,,,,,,,,,,,,,,,,2026-06-18 09:05:39
,패딩 울 집업 카디건,MONCLER,,,,,,,,,,,,,,,,,,,,,,2026-06-18 09:05:39
,패딩 집업 울 카디건,MONCLER,,,,,,,,,,,,,,,,,,,,,,2026-06-18 09:05:39
,부클레 & 테디 집업 후디,MONCLER,,,,,,,,,,,,,,,,,,,,,,2026-06-18 09:05:39
,패딩 집업 울 카디건,MONCLER,,,,,,,,,,,,,,,,,,,,,,2026-06-18 09:05:39
,패딩 집업 울 카디건,MONCLER,,,,,,,,,,,,,,,,,,,,,,2026-06-18 09:05:39
,패딩 테디 & 울 집업 카디건,MONCLER,,,,,,,,,,,,,,,,,,,,,,2026-06-18 09:05:39
,패딩 울 집업 카디건,MONCLER,,,,,,,,,,,,,,,,,,,,,,2026-06-18 09:05:39
,스퀘어 퀼팅 패딩 울 집업 카디건,MONCLER,,,,,,,,,,,,,,,,,,,,,,2026-06-18 09:05:39
,패딩 집업 울 카디건,MONCLER,,,,,,,,,,,,,,,,,,,,,,2026-06-18 09:05:39
,코튼 플리스 패딩 집업 후디,MONCLER,,,,,,,,,,,,,,,,,,,,,,2026-06-18 09:05:39
,나일론 앞면 디테일의 코튼 집업 스웨트셔츠,MONCLER,,,,,,,,,,,,,,,,,,,,,,2026-06-18 09:05:39
,자수 로고 코튼 혼방 스웨터,MONCLER,,,,,,,,,,,,,,,,,,,,,,2026-06-18 09:05:39
,스트라이프 울 스웨터,MONCLER,,,,,,,,,,,,,,,,,,,,,,2026-06-18 09:05:39
,반소매 울 스웨터,MONCLER,,,,,,,,,,,,,,,,,,,,,,2026-06-18 09:05:39
,반소매 울 스웨터,MONCLER,,,,,,,,,,,,,,,,,,,,,,2026-06-18 09:05:39
,코튼 스웨터,MONCLER,,,,,,,,,,,,,,,,,,,,,,2026-06-18 09:05:39
,자수 로고 코튼 혼방 스웨터,MONCLER,,,,,,,,,,,,,,,,,,,,,,2026-06-18 09:05:39
,텍스처드 울 터틀넥,MONCLER,,,,,,,,,,,,,,,,,,,,,,2026-06-18 09:05:39
,텍스처드 울 터틀넥,MONCLER,,,,,,,,,,,,,,,,,,,,,,2026-06-18 09:05:39
,코튼 혼방 후드 스웨트셔츠,MONCLER,,,,,,,,,,,,,,,,,,,,,,2026-06-18 09:05:39
,플리츠 소매 코튼 저지 스웨트셔츠,MONCLER,,,,,,,,,,,,,,,,,,,,,,2026-06-18 09:05:39
,코튼 혼방 집업 스웨트셔츠,MONCLER,,,,,,,,,,,,,,,,,,,,,,2026-06-18 09:05:39
,코튼 혼방 무릎 길이 드레스,MONCLER,,,,,,,,,,,,,,,,,,,,,,2026-06-18 09:05:39
,포플린 미디 셔츠 드레스,MONCLER,,,,,,,,,,,,,,,,,,,,,,2026-06-18 09:05:39
,코튼 혼방 미니 티셔츠 드레스,MONCLER,,,,,,,,,,,,,,,,,,,,,,2026-06-18 09:05:39
,코튼 플리스 스웨트셔츠 집업 드레스,MONCLER,,,,,,,,,,,,,,,,,,,,,,2026-06-18 09:05:39
,미디 드레스,MONCLER,,,,,,,,,,,,,,,,,,,,,,2026-06-18 09:05:39
,코튼 개버딘 와이드 레그 테일러드 팬츠,MONCLER,,,,,,,,,,,,,,,,,,,,,,2026-06-18 09:05:39
,코듀로이 와이드 레그 팬츠,MONCLER,,,,,,,,,,,,,,,,,,,,,,2026-06-18 09:05:39
,로고 스웨트팬츠,MONCLER,,,,,,,,,,,,,,,,,,,,,,2026-06-18 09:05:39
,코튼 포플린 팬츠,MONCLER,,,,,,,,,,,,,,,,,,,,,,2026-06-18 09:05:39
,울 개버딘 테일러드 팬츠,MONCLER,,,,,,,,,,,,,,,,,,,,,,2026-06-18 09:05:39
,크롭 진,MONCLER,,,,,,,,,,,,,,,,,,,,,,2026-06-18 09:05:39
,카고 미디 스커트,MONCLER,,,,,,,,,,,,,,,,,,,,,,2026-06-18 09:05:39
,체크 플리츠 미니 스커트,MONCLER,,,,,,,,,,,,,,,,,,,,,,2026-06-18 09:05:39
,플로럴 퀼팅 패딩 미니 스커트,MONCLER,,,,,,,,,,,,,,,,,,,,,,2026-06-18 09:05:39
,Moncler + Rick Owens Adjustable 스커트,MONCLER,,,,,,,,,,,,,,,,,,,,,,2026-06-18 09:05:39
,벨트 무릎 길이 코튼 스커트,MONCLER,,,,,,,,,,,,,,,,,,,,,,2026-06-18 09:05:39
,로고 코튼 혼방 플리스 스웨트팬츠,MONCLER,,,,,,,,,,,,,,,,,,,,,,2026-06-18 09:05:39
,로고 코튼 혼방 스웨트팬츠,MONCLER,,,,,,,,,,,,,,,,,,,,,,2026-06-18 09:05:39
,샴브레이 쇼츠,MONCLER,,,,,,,,,,,,,,,,,,,,,,2026-06-18 09:05:39
,테일러드 코튼 혼방 쇼츠,MONCLER,,,,,,,,,,,,,,,,,,,,,,2026-06-18 09:05:39
,스트라이프 코튼 쇼츠,MONCLER,,,,,,,,,,,,,,,,,,,,,,2026-06-18 09:05:39
,로고 패치 태피터 쇼츠,MONCLER,,,,,,,,,,,,,,,,,,,,,,2026-06-18 09:05:39
,테크니컬 프로아세 롱 슬리브 셔츠,MONCLER,,,,,,,,,,,,,,,,,,,,,,2026-06-18 09:05:39
,보태니컬 모티프 자수 폴로 셔츠,MONCLER,,,,,,,,,,,,,,,,,,,,,,2026-06-18 09:05:39
,스트라이프 코튼 티셔츠,MONCLER,,,,,,,,,,,,,,,,,,,,,,2026-06-18 09:05:39
,Moncler + Rick Owens Girder 코튼 티셔츠,MONCLER,,,,,,,,,,,,,,,,,,,,,,2026-06-18 09:05:39
,Moncler + Rick Owens Girder 코튼 티셔츠,MONCLER,,,,,,,,,,,,,,,,,,,,,,2026-06-18 09:05:39
,Moncler + Rick Owens Jumbo 코튼 티셔츠,MONCLER,,,,,,,,,,,,,,,,,,,,,,2026-06-18 09:05:39
,코튼 크레이프 폴로 셔츠,MONCLER,,,,,,,,,,,,,,,,,,,,,,2026-06-18 09:05:39
,Moncler + Rick Owens Girder 롱 슬리브 코튼 티셔츠,MONCLER,,,,,,,,,,,,,,,,,,,,,,2026-06-18 09:05:39
,Moncler + Rick Owens Girder 롱 슬리브 코튼 티셔츠,MONCLER,,,,,,,,,,,,,,,,,,,,,,2026-06-18 09:05:39
,패딩 집업 울 카디건,MONCLER,,,,,,,,,,,,,,,,,,,,,,2026-06-18 09:05:39
,Moncler + Rick Owens 코튼 Ziplock 후디,MONCLER,,,,,,,,,,,,,,,,,,,,,,2026-06-18 09:05:39
,Moncler + Rick Owens 코튼 Ziplock 후디,MONCLER,,,,,,,,,,,,,,,,,,,,,,2026-06-18 09:05:39
,부클레 미니 드레스,MONCLER,,,,,,,,,,,,,,,,,,,,,,2026-06-18 09:05:39
,와이드 레그 데님 진,MONCLER,,,,,,,,,,,,,,,,,,,,,,2026-06-18 09:05:39
,Moncler + Rick Owens 스트레이트 레그 태피터 팬츠,MONCLER,,,,,,,,,,,,,,,,,,,,,,2026-06-18 09:05:39
,프로아세 테크닉 팬츠,MONCLER,,,,,,,,,,,,,,,,,,,,,,2026-06-18 09:05:39
,마이크로 체크 미디 울 스커트,MONCLER,,,,,,,,,,,,,,,,,,,,,,2026-06-18 09:05:39
,Moncler + Rick Owens Adjustable 스커트,MONCLER,,,,,,,,,,,,,,,,,,,,,,2026-06-18 09:05:39
,테일러드 코튼 스웨트팬츠,MONCLER,,,,,,,,,,,,,,,,,,,,,,2026-06-18 09:05:39
,Moncler + Rick Owens 코튼 스웨트팬츠,MONCLER,,,,,,,,,,,,,,,,,,,,,,2026-06-18 09:05:39
,Moncler + Rick Owens 코튼 스웨트팬츠,MONCLER,,,,,,,,,,,,,,,,,,,,,,2026-06-18 09:05:39
,Moncler + Rick Owens Kiltshorts 스코트,MONCLER,,,,,,,,,,,,,,,,,,,,,,2026-06-18 09:05:39
,Moncler + Rick Owens Kiltshorts 스코트,MONCLER,,,,,,,,,,,,,,,,,,,,,,2026-06-18 09:05:39
,코튼 혼방 부클레 크레이프 폴로 셔츠,MONCLER,,,,,,,,,,,,,,,,,,,,,,2026-06-18 09:05:39
,상갈로 & 코튼 포플린 쇼츠,MONCLER,,,,,,,,,,,,,,,,,,,,,,2026-06-18 09:05:39
,로고 코튼 피케 폴로 셔츠,MONCLER,,,,,,,,,,,,,,,,,,,,,,2026-06-18 09:05:39
,데님 무릎 길이 스커트,MONCLER,,,,,,,,,,,,,,,,,,,,,,2026-06-18 09:05:39
,플리츠 포플린 드레스,MONCLER,,,,,,,,,,,,,,,,,,,,,,2026-06-18 09:05:39
,자수 셔츠 드레스,MONCLER,,,,,,,,,,,,,,,,,,,,,,2026-06-18 09:05:39
,플록 로고 저지 티셔츠,MONCLER,,,,,,,,,,,,,,,,,,,,,,2026-06-18 09:05:39
,로고 패치 코튼 티셔츠(3장 세트),MONCLER,,,,,,,,,,,,,,,,,,,,,,2026-06-18 09:05:39
,스트라이프 코튼 티셔츠,MONCLER,,,,,,,,,,,,,,,,,,,,,,2026-06-18 09:05:39
,미디 스커트,MONCLER,,,,,,,,,,,,,,,,,,,,,,2026-06-18 09:05:39
,로고 패치 코튼 저지 티셔츠,MONCLER,,,,,,,,,,,,,,,,,,,,,,2026-06-18 09:05:39
,플로럴 프린트 시네 쇼츠,MONCLER,,,,,,,,,,,,,,,,,,,,,,2026-06-18 09:05:39
,로고 자수 코튼 티셔츠,MONCLER,,,,,,,,,,,,,,,,,,,,,,2026-06-18 09:05:39
,가죽 로고 코튼 팬츠,MONCLER,,,,,,,,,,,,,,,,,,,,,,2026-06-18 09:05:39
,스트라이프 코튼 폴로 셔츠,MONCLER,,,,,,,,,,,,,,,,,,,,,,2026-06-18 09:05:39
,로고 코튼 피케 폴로 셔츠,MONCLER,,,,,,,,,,,,,,,,,,,,,,2026-06-18 09:05:39
