이미지,상품명,가격,컬러
,어시메트릭 터틀넥 탑,,
,크링클 페이퍼백 팬츠,,
,어시메트릭 홀터넥 탑,,
,벨티드 크링클 스커트,,
,스카프 룩 원숄더 탑,,
,타이 디테일 어시메트릭 스커트,,
,랩 디테일 새틴 팬츠,,
,와이드 새틴 팬츠,,
,크링클 오프숄더 탑,,
,드레이프 홀터넥 드레스,,
,배기 코튼 팬츠,,
,로백 A라인 드레스,,
,오버사이즈 리넨 블렌드 셔츠,,
,드로스트링 디테일 풀오버 셔츠,,
,타이 디테일 코튼 셔츠,,
,레이스 트리밍 코튼 탑,,
,하이웨이스트 와이드 진,,
,리넨 블렌드 와이드 팬츠,,
,타이 디테일 코튼 셔츠,,
,플러터 슬리브 레이스 트리밍 블라우스,,
,크로셰 룩 폴로셔츠,,
,드로스트링 디테일 드레스,,
,프린트 코튼 티셔츠,,
,배트윙 슬리브 코튼 탑,,
,드로스트링 디테일 탑,,
,코튼 포인텔 파자마,,
,코튼 모슬린 파자마,,
,리넨 블렌드 드로스트링 팬츠,,
,리넨 블렌드 앵클 팬츠,,
,드로스트링 웨이스트 코튼 드레스,,
,리넨 블렌드 배럴 팬츠,,
,고데 플리츠 탑,,
,엠브로이더리 디테일 데님 셔츠,,
,리넨 블렌드 테일러드 팬츠,,
,드로스트링 디테일 코튼 드레스,,
,리넨 블렌드 테일러드 쇼츠,,
