platform,is_ranking,rank,brand,main_category,category,gender,product_name,product_detail_url,thumbnail,regular_price,current_price,discount_rate,crawled_at,color,material,details,rating,reviews
,false,,리얼코코,,BLOUSE&SHIRT,,[10%할인/하객룩] 라슈 스카프 블라우스,https://realcoco.com/product/detail.html?product_no=30925,https://realcoco.com/web/product/medium/202606/9d5a6a0e3423d23cb2677ac472f98d70.gif,"₩39,900",,,260623,,,,,
,false,,리얼코코,,BLOUSE&SHIRT,,[하객룩/made] 블릿 레이스 블라우스,https://realcoco.com/product/detail.html?product_no=30344,https://realcoco.com/web/product/medium/202606/89d71f68a8c9d524f0be0110f76d5ab6.gif,"₩39,900",,,260623,,,,,
,false,,리얼코코,,BLOUSE&SHIRT,,[오프숄더] 크레나 체크 셔링 블라우스,https://realcoco.com/product/detail.html?product_no=30914,https://realcoco.com/web/product/medium/202606/64e9034d04a2b3e14f23c1630884ba5a.gif,"₩21,900",,,260623,,,,,
,false,,리얼코코,,BLOUSE&SHIRT,,[민소매] 블레나 캡소매 블라우스,https://realcoco.com/product/detail.html?product_no=30913,https://realcoco.com/web/product/medium/202606/2d5705c3fda9c4057d4f49a7db2050f5.gif,"₩47,900",,,260623,,,,,
,false,,리얼코코,,BLOUSE&SHIRT,,[하객룩] 루이셔 셔링 블라우스,https://realcoco.com/product/detail.html?product_no=30897,https://realcoco.com/web/product/medium/202606/92e3921d231f24d2a5e6357454c9837c.gif,"₩47,900",,,260623,,,,,
,false,,리얼코코,,BLOUSE&SHIRT,,[하객룩] 리포인 반팔 블라우스 (2color),https://realcoco.com/product/detail.html?product_no=30870,https://realcoco.com/web/product/medium/202606/185d144c57c91e720ceb1c3e49598b32.gif,"₩30,900",,,260623,,,,,
,false,,리얼코코,,BLOUSE&SHIRT,,[반팔] 셔루 퍼프 셔링 블라우스 (2color),https://realcoco.com/product/detail.html?product_no=30883,https://realcoco.com/web/product/medium/202606/557d9063cf9267a747caed8d77bc61bd.gif,"₩39,900",,,260623,,,,,
,false,,리얼코코,,BLOUSE&SHIRT,,[뷔스티에] 모디너 나시 블라우스 (2color),https://realcoco.com/product/detail.html?product_no=30876,https://realcoco.com/web/product/medium/202606/bd2e977c8f45ce70403fa96894c4c6b3.gif,"₩27,900",,,260623,,,,,
,false,,리얼코코,,BLOUSE&SHIRT,,[하객룩] 레어브 레이어드 블라우스 (3color),https://realcoco.com/product/detail.html?product_no=30877,https://realcoco.com/web/product/medium/202606/acc6bac979e1dd9c628ed422cccf8df3.gif,"₩33,900",,,260623,,,,,
,false,,리얼코코,,BLOUSE&SHIRT,,[레이어드] 플레아 프릴 나시 블라우스 (2color),https://realcoco.com/product/detail.html?product_no=30871,https://realcoco.com/web/product/medium/202606/5902331e005465289361ec9b7a43d468.gif,"₩31,900",,,260623,,,,,
,false,,리얼코코,,BLOUSE&SHIRT,,[민소매] 뮤린 타이 텐셀 블라우스 (3color),https://realcoco.com/product/detail.html?product_no=30872,https://realcoco.com/web/product/medium/202606/f54ef3400f1cc7108703310bc4d2ac94.gif,"₩29,900",,,260623,,,,,
,false,,리얼코코,,BLOUSE&SHIRT,,[하객룩] 세이븐 체크 나시 블라우스 (1color),https://realcoco.com/product/detail.html?product_no=30863,https://realcoco.com/web/product/medium/202606/9728d88f958006f4093c0e3aa93039f5.gif,"₩33,900",,,260623,,,,,
,false,,리얼코코,,BLOUSE&SHIRT,,[시스루/made] 포리튼 오버핏 셔츠 (5color),https://realcoco.com/product/detail.html?product_no=30858,https://realcoco.com/web/product/medium/202606/976e56c803245f4cdf8055fad9ce454a.gif,"₩29,900",,,260623,,,,,
,false,,리얼코코,,BLOUSE&SHIRT,,[하객룩] 플뤼 쉬폰 셔링 블라우스 (4color),https://realcoco.com/product/detail.html?product_no=30835,https://realcoco.com/web/product/medium/202606/b1f2f97b812df92ae1afb83a57f85831.gif,"₩23,900",,,260623,,,,,
,false,,리얼코코,,BLOUSE&SHIRT,,[뷔스티에] 벨루 프릴 브이넥 나시 (3color),https://realcoco.com/product/detail.html?product_no=30828,https://realcoco.com/web/product/medium/202606/fcf432bd7e8c1a12f452f3010dcf2844.gif,"₩29,900",,,260623,,,,,
,false,,리얼코코,,BLOUSE&SHIRT,,[반팔] 모리븐 타이 블라우스 (3color),https://realcoco.com/product/detail.html?product_no=30830,https://realcoco.com/web/product/medium/202606/6c4131495eb37958cb5d2951b896c6b4.gif,"₩29,900",,,260623,,,,,
,false,,리얼코코,,BLOUSE&SHIRT,,[하객룩] 크리브 셔링 블라우스 (3color),https://realcoco.com/product/detail.html?product_no=30823,https://realcoco.com/web/product/medium/202606/769c955a5cc9b5a885d06caad6c20f75.gif,"₩33,900",,,260623,,,,,
,false,,리얼코코,,BLOUSE&SHIRT,,[민소매] 레므 셔링 블라우스 (3color),https://realcoco.com/product/detail.html?product_no=30807,https://realcoco.com/web/product/medium/202605/b56fd6c0971becae47676e3e9b0850b0.gif,"₩27,900",,,260623,,,,,
,false,,리얼코코,,BLOUSE&SHIRT,,[시스루] 페리븐 셔츠 (3color),https://realcoco.com/product/detail.html?product_no=30783,https://realcoco.com/web/product/medium/202605/13ea8bdc2352da2b9f143c79926068b3.gif,"₩41,900",,,260623,,,,,
,false,,리얼코코,,BLOUSE&SHIRT,,[시어서커/made] 오브아 체크 오버핏 셔츠 (4color),https://realcoco.com/product/detail.html?product_no=29128,https://realcoco.com/web/product/medium/202604/b1c65ac4e6998c9754c79a0bf3237227.gif,"₩36,900",,,260623,,,,,
,false,,리얼코코,,BLOUSE&SHIRT,,[made] 레노드 블라우스 (하객룩/퍼프/긴팔/리본),https://realcoco.com/product/detail.html?product_no=29626,https://realcoco.com/web/product/medium/202601/2a469cfb221b69d8311a56ddfa5460d6.gif,"₩34,900",,,260623,,,,,
,false,,리얼코코,,BLOUSE&SHIRT,,[오버핏/made] 키든 스트라이프 셔츠,https://realcoco.com/product/detail.html?product_no=29640,https://realcoco.com/web/product/medium/202509/3a08f1086652191d8267af478792950d.gif,"₩39,900",,,260623,,,,,
,false,,리얼코코,,BLOUSE&SHIRT,,[+반팔/살안타템/made] 베리온 라벨 셔츠,https://realcoco.com/product/detail.html?product_no=29684,https://realcoco.com/web/product/medium/202606/177ef1e498a1c00a879d327ecf0efc09.gif,"₩36,900",,,260623,,,,,
,false,,리얼코코,,BLOUSE&SHIRT,,[made] 트레버 체크 셔츠(긴팔/가을남방/레이어드),https://realcoco.com/product/detail.html?product_no=29699,https://realcoco.com/web/product/medium/202604/2fc5884b2fff256fcf2e3d75ada245cb.gif,"₩27,900",,,260623,,,,,
,false,,리얼코코,,BLOUSE&SHIRT,,[made] 커프 체크 셔츠 (패턴/프레피/루즈핏/긴팔/가을남방/간절기),https://realcoco.com/product/detail.html?product_no=29706,https://realcoco.com/web/product/medium/202509/a3aff21551d4c8e7dd26742c07dfe32a.gif,"₩39,900",,,260623,,,,,
,false,,리얼코코,,BLOUSE&SHIRT,,[+L사이즈/체크/made] 딜라잇 크롭 셔츠,https://realcoco.com/product/detail.html?product_no=29685,https://realcoco.com/web/product/medium/202601/c0a35b0ea35b73c67934812cc7b95971.gif,"₩36,900",,,260623,,,,,
,false,,리얼코코,,BLOUSE&SHIRT,,[살안타템] 제이번 스트라이프 후드 셔츠 (2color),https://realcoco.com/product/detail.html?product_no=30768,https://realcoco.com/web/product/medium/202605/cf812667168d461ff2ced730a11dabad.gif,"₩35,900",,,260623,,,,,
,false,,리얼코코,,BLOUSE&SHIRT,,[하객룩] 유엘르 반팔 블라우스 (4color),https://realcoco.com/product/detail.html?product_no=30767,https://realcoco.com/web/product/medium/202605/e431f9c08bf549b360ef3119e1cccbd7.gif,"₩41,900",,,260623,,,,,
,false,,리얼코코,,BLOUSE&SHIRT,,[반팔] 소르브 퍼프 블라우스 (2color),https://realcoco.com/product/detail.html?product_no=30766,https://realcoco.com/web/product/medium/202605/57f2acc59526a69082ef36171d44ad25.gif,"₩23,900",,,260623,,,,,
,false,,리얼코코,,BLOUSE&SHIRT,,[하객룩] 세르아 브이넥 블라우스 (2color),https://realcoco.com/product/detail.html?product_no=30765,https://realcoco.com/web/product/medium/202605/0a97eccc21758c5195894cb7bf2c735b.gif,"₩33,900",,,260623,,,,,
,false,,리얼코코,,BLOUSE&SHIRT,,[레이스] 로이렌 체크 블라우스 (2color),https://realcoco.com/product/detail.html?product_no=30751,https://realcoco.com/web/product/medium/202605/a4ef7188e51239889ef9d5ab7a04b8bb.gif,"₩45,900",,,260623,,,,,
,false,,리얼코코,,BLOUSE&SHIRT,,[살안타템] 바에르 체크 셔츠 (3color),https://realcoco.com/product/detail.html?product_no=30739,https://realcoco.com/web/product/medium/202605/562e9117e20b19d8d26df43807aa9598.gif,"₩27,900",,,260623,,,,,
,false,,리얼코코,,BLOUSE&SHIRT,,[반팔] 데리븐 레이스 블라우스 (1color),https://realcoco.com/product/detail.html?product_no=30740,https://realcoco.com/web/product/medium/202605/7519cdb078224265a4bdcdfa59d96286.gif,"₩47,900",,,260623,,,,,
,false,,리얼코코,,BLOUSE&SHIRT,,[하객룩] 클랜 블라우스 (3color),https://realcoco.com/product/detail.html?product_no=30736,https://realcoco.com/web/product/medium/202605/a79e705eb87a04e024a32d885271b6eb.gif,"₩45,900",,,260623,,,,,
,false,,리얼코코,,BLOUSE&SHIRT,,[반팔/스트라이프/made] 세이른 셔츠 (2color),https://realcoco.com/product/detail.html?product_no=30728,https://realcoco.com/web/product/medium/202606/643d00e035057546e5734362b1573b8a.gif,"₩39,900",,,260623,,,,,
,false,,리얼코코,,BLOUSE&SHIRT,,[하객룩/반팔/made] 프릴리 블라우스 (3color),https://realcoco.com/product/detail.html?product_no=30729,https://realcoco.com/web/product/medium/202606/52b683b2abbe0d694b260753f9dbb2c6.gif,"₩39,900",,,260623,,,,,
,false,,리얼코코,,BLOUSE&SHIRT,,[스트라이프&체크/반팔셔츠/made] 루베아 셔츠 (6color),https://realcoco.com/product/detail.html?product_no=30705,https://realcoco.com/web/product/medium/202605/f171bb76b2d402c4e800e4ad1c22f5a5.gif,"₩42,900",,,260623,,,,,
,false,,리얼코코,,BLOUSE&SHIRT,,[레이어드] 플런드 나시 블라우스 (3color),https://realcoco.com/product/detail.html?product_no=30695,https://realcoco.com/web/product/medium/202605/89925c2057022cf5acfcfa25f507a0a1.gif,"₩21,900",,,260623,,,,,
,false,,리얼코코,,BLOUSE&SHIRT,,[하객룩] 크리더 블라우스 (3color),https://realcoco.com/product/detail.html?product_no=30696,https://realcoco.com/web/product/medium/202605/07662c817f1058d4ff446fc8e19fabc3.gif,"₩42,900",,,260623,,,,,
,false,,리얼코코,,BLOUSE&SHIRT,,[시스루] 랜디르 텐셀 셔츠 (3color),https://realcoco.com/product/detail.html?product_no=30688,https://realcoco.com/web/product/medium/202605/b3090007f962a642c94d2e04ca502943.gif,"₩31,900",,,260623,,,,,
,false,,리얼코코,,BLOUSE&SHIRT,,[데이트룩] 오어드 레이스 블라우스 (1color),https://realcoco.com/product/detail.html?product_no=30673,https://realcoco.com/web/product/medium/202605/003facd3b7cd31419953199c86720121.gif,"₩33,900",,,260623,,,,,
,false,,리얼코코,,BLOUSE&SHIRT,,[살안타템] 리베른 스트라이프 셔츠 (4color),https://realcoco.com/product/detail.html?product_no=30665,https://realcoco.com/web/product/medium/202605/5af9a7a62f2c8445386bc8d55853b308.gif,"₩31,900",,,260623,,,,,
,false,,리얼코코,,BLOUSE&SHIRT,,[여름하객룩] 테릿 핀턱 블라우스 (2color),https://realcoco.com/product/detail.html?product_no=30658,https://realcoco.com/web/product/medium/202604/63c97454fc0326ce92ee7c023c25e252.gif,"₩29,900",,,260623,,,,,
,false,,리얼코코,,BLOUSE&SHIRT,,[레이스] 트랑 브이넥 블라우스 (2color),https://realcoco.com/product/detail.html?product_no=30655,https://realcoco.com/web/product/medium/202604/69551e6baab552983bd5a250690c3f64.gif,"₩33,900",,,260623,,,,,
,false,,리얼코코,,BLOUSE&SHIRT,,[여름하객룩] 플릿 체크 리본 블라우스 (2color),https://realcoco.com/product/detail.html?product_no=30653,https://realcoco.com/web/product/medium/202604/014ceab1526b9d07af32f62fe41eb9b6.gif,"₩27,900",,,260623,,,,,
,false,,리얼코코,,BLOUSE&SHIRT,,[레이어드/made] 마이덴 리본 나시 블라우스 (3color),https://realcoco.com/product/detail.html?product_no=30587,https://realcoco.com/web/product/medium/202606/5072afe3f3948e20c4708ae84974ed9d.gif,"₩24,900",,,260623,,,,,
,false,,리얼코코,,BLOUSE&SHIRT,,[레이어드] 페트린 체크 나시 블라우스 (2color),https://realcoco.com/product/detail.html?product_no=30578,https://realcoco.com/web/product/medium/202604/7c29d82fa80a2460a3c47425c183c1a7.gif,"₩22,900",,,260623,,,,,
,false,,리얼코코,,BLOUSE&SHIRT,,[레이어드/made] 루빈 블라우스 (2color),https://realcoco.com/product/detail.html?product_no=30547,https://realcoco.com/web/product/medium/202604/72a3c6e788d3448b6a35f50951416177.gif,"₩36,900",,,260623,,,,,
,false,,리얼코코,,BLOUSE&SHIRT,,[여름셔츠/made] 해브 스트라이프 셔츠 (9color),https://realcoco.com/product/detail.html?product_no=24578,https://realcoco.com/web/product/medium/202506/2fac4d58a1c1b7f4ffc7436e5ad89215.gif,"₩34,900",,,260623,,,,,
,false,,리얼코코,,BLOUSE&SHIRT,,[+반팔/10만장돌파/made] 로셀 라인 셔츠,https://realcoco.com/product/detail.html?product_no=27239,https://realcoco.com/web/product/medium/202606/3e500835c140002cd9fe32dffdada265.gif,"₩34,900",,,260623,,,,,
,false,,리얼코코,,BLOUSE&SHIRT,,[+반팔/살안타템/made] 메이킹 스트라이프 셔츠,https://realcoco.com/product/detail.html?product_no=27423,https://realcoco.com/web/product/medium/202606/5c1138d71342b3839562e9939ecc2287.gif,"₩39,900",,,260623,,,,,
,false,,리얼코코,,BLOUSE&SHIRT,,[made] 컨트리 스트라이프 셔츠 - 5 Color (오버핏/루즈핏/하객룩/출근룩/오피스룩/레이어드/롱슬리브),https://realcoco.com/product/detail.html?product_no=27097,https://realcoco.com/web/product/medium/202502/f1aa887ae8327300257db24df6fde1c5.gif,"₩37,900",,,260623,,,,,
,false,,리얼코코,,BLOUSE&SHIRT,,[made] 올린스 오버핏 체크셔츠 - 3 Color (남방/루즈핏/긴팔/출근룩/캠퍼스룩),https://realcoco.com/product/detail.html?product_no=28884,https://realcoco.com/web/product/medium/202504/70e1abc97d673d20b01e6a41df378004.gif,"₩34,900",,,260623,,,,,
,false,,리얼코코,,BLOUSE&SHIRT,,[+반팔/살안타템/made] 모드아 스트라이프 오버핏 셔츠,https://realcoco.com/product/detail.html?product_no=26963,https://realcoco.com/web/product/medium/202606/e9abf3f8e7e3ab1d4464e1493e0daa6f.gif,"₩33,900",,,260623,,,,,
,false,,리얼코코,,BLOUSE&SHIRT,,[made] 시드니 베이직 루즈핏 셔츠 - 5 Color (긴팔/롱슬리브/기본템/오버핏/출근룩/하객룩/오피스룩/캠퍼스룩),https://realcoco.com/product/detail.html?product_no=25558,https://realcoco.com/web/product/medium/202502/926f1b697c3ed9ed2e1a5938d2cf9e10.gif,"₩39,900",,,260623,,,,,
,false,,리얼코코,,BLOUSE&SHIRT,,[하객룩/고퀄리티/1만장돌파/made] 어도어 타이블라우스 (오피스룩/출근룩/스카프/리본/셔츠/긴팔/오간자),https://realcoco.com/product/detail.html?product_no=23386,https://realcoco.com/web/product/medium/202602/cf2ee2dc48afd4f745c996c10b03e7fb.gif,"₩39,900",,,260623,,,,,
,false,,리얼코코,,BLOUSE&SHIRT,,[5만장돌파/made] 러피 핀턱 크롭 블라우스,https://realcoco.com/product/detail.html?product_no=24141,https://realcoco.com/web/product/medium/202604/0e627d65277215234c9148ebfb09f72d.gif,"₩39,900",,,260623,,,,,
,false,,리얼코코,,BLOUSE&SHIRT,,[레이어드나시/made] 모룬 리본 뷔스티에 블라우스 (3color),https://realcoco.com/product/detail.html?product_no=28847,https://realcoco.com/web/product/medium/202604/a51d97ed3b6b84350549f2b22d36fb51.gif,"₩32,900",,,260623,,,,,
,false,,리얼코코,,BLOUSE&SHIRT,,[하객룩/made] 튤립 타이 블라우스,https://realcoco.com/product/detail.html?product_no=27422,https://realcoco.com/web/product/medium/202604/88d903640d983927f08175dbc623ea13.gif,"₩42,900",,,260623,,,,,
,false,,리얼코코,,BLOUSE&SHIRT,,[1만장돌파/made] 벨리아 타이 블라우스,https://realcoco.com/product/detail.html?product_no=27227,https://realcoco.com/web/product/medium/202601/1043970daebf1cd685e4e7279fa3c7b7.gif,"₩46,900",,,260623,,,,,
,false,,리얼코코,,BLOUSE&SHIRT,,[+반팔/하객룩/made] 플롯 레이어드 블라우스,https://realcoco.com/product/detail.html?product_no=29127,https://realcoco.com/web/product/medium/202606/379fd6131c731ac7c63c985d5011fe39.gif,"₩34,900",,,260623,,,,,
,false,,리얼코코,,BLOUSE&SHIRT,,[+반팔/하객룩/made] 드멜린 블라우스,https://realcoco.com/product/detail.html?product_no=29120,https://realcoco.com/web/product/medium/202606/97ed7a347062b2223e432bdb470221e6.gif,"₩39,900",,,260623,,,,,
,false,,리얼코코,,BLOUSE&SHIRT,,[+반팔/하객룩/made] 헤인 자개 단추 블라우스,https://realcoco.com/product/detail.html?product_no=29218,https://realcoco.com/web/product/medium/202605/9fcf671850fce23be90eda4ce160714c.gif,"₩32,900",,,260623,,,,,
,false,,리얼코코,,BLOUSE&SHIRT,,[+반팔/하객룩/made] 클리너 드레이프 블라우스,https://realcoco.com/product/detail.html?product_no=29697,https://realcoco.com/web/product/medium/202605/17254acd0ce9140394e25f2479812e65.gif,"₩34,900",,,260623,,,,,
,false,,리얼코코,,BLOUSE&SHIRT,,[시스루/made] 루이번 프릴 블라우스 (3color),https://realcoco.com/product/detail.html?product_no=30508,https://realcoco.com/web/product/medium/202603/82b42c86b708e19933b4c371195ca616.gif,"₩34,900",,,260623,,,,,
,false,,리얼코코,,BLOUSE&SHIRT,,[하객룩] 캐밍 슬림 셔츠 (2color),https://realcoco.com/product/detail.html?product_no=30489,https://realcoco.com/web/product/medium/202603/9786e314715de84d564939f971654822.gif,"₩51,900",,,260623,,,,,
,false,,리얼코코,,BLOUSE&SHIRT,,[단가라/made] 바겐 스트라이프 니트 (2color),https://realcoco.com/product/detail.html?product_no=30456,https://realcoco.com/web/product/medium/202603/f1814f53cf068cfa6194d9eb70bd068e.gif,"₩36,900",,,260623,,,,,
,false,,리얼코코,,BLOUSE&SHIRT,,[살안타템/made] 루미엔 프릴 블라우스 (3color),https://realcoco.com/product/detail.html?product_no=30416,https://realcoco.com/web/product/medium/202603/221160ca15ffd75ab2728230561d157d.gif,"₩39,900",,,260623,,,,,
,false,,리얼코코,,BLOUSE&SHIRT,,[셔링/간절기/made] 플로나 블라우스,https://realcoco.com/product/detail.html?product_no=30397,https://realcoco.com/web/product/medium/202602/8b5372dd54316ffa0abbb463e9cfe083.gif,"₩37,900",,,260623,,,,,
,false,,리얼코코,,BLOUSE&SHIRT,,[하객룩/made] 큐피 블라우스,https://realcoco.com/product/detail.html?product_no=30371,https://realcoco.com/web/product/medium/202602/b859b8fd802abdae1e42170dd1c924ab.gif,"₩32,900",,,260623,,,,,
,false,,리얼코코,,BLOUSE&SHIRT,,[레이어드/하객룩/롱슬리브/made]  루아린 셔츠 레이어링 티셔츠 (3color),https://realcoco.com/product/detail.html?product_no=30358,https://realcoco.com/web/product/medium/202602/ae6bf4cb3d250ebad1c524b270717a95.gif,"₩44,900",,,260623,,,,,
,false,,리얼코코,,BLOUSE&SHIRT,,[쉬폰/하객룩] 세인츠 나시 블라우스 세트,https://realcoco.com/product/detail.html?product_no=30367,https://realcoco.com/web/product/medium/202602/9bc31114df446dfa105f2a15299e351b.gif,"₩39,900",,,260623,,,,,
,false,,리얼코코,,BLOUSE&SHIRT,,[살안타템/레이어드/made] 뷰너 뷔스티에 블라우스 세트,https://realcoco.com/product/detail.html?product_no=30335,https://realcoco.com/web/product/medium/202603/485695aa5a86bca1335569d2198525ee.gif,"₩42,900",,,260623,,,,,
,false,,리얼코코,,BLOUSE&SHIRT,,[하객룩/여리핏] 베넨 하이넥 블라우스,https://realcoco.com/product/detail.html?product_no=30265,https://realcoco.com/web/product/medium/202601/66565f8d43e65cbbe4115160d39fb37c.gif,"₩46,900",,,260623,,,,,
,false,,리얼코코,,BLOUSE&SHIRT,,[셔링/프릴] 레버른 블라우스,https://realcoco.com/product/detail.html?product_no=29747,https://realcoco.com/web/product/medium/202509/97dd2b3a5e3a694df7a1f12a034f8db9.gif,"₩26,900",,,260623,,,,,
,false,,리얼코코,,BLOUSE&SHIRT,,[랩/리본] 레비아 블라우스,https://realcoco.com/product/detail.html?product_no=29746,https://realcoco.com/web/product/medium/202509/49fe57c17e7445f665c1ecfdd89edb46.gif,"₩39,900",,,260623,,,,,
,false,,리얼코코,,BLOUSE&SHIRT,,[가을하객룩] 소네뜨 레이스 블라우스,https://realcoco.com/product/detail.html?product_no=29725,https://realcoco.com/web/product/medium/202509/271940b1549f183a3c07a16092ec026d.gif,"₩39,900",,,260623,,,,,
,false,,리얼코코,,BLOUSE&SHIRT,,[하객룩 /made] 퀸즈 블라우스,https://realcoco.com/product/detail.html?product_no=29692,https://realcoco.com/web/product/medium/202509/4d7a1c9f85e3369c2cb2aa82fe1ed38f.gif,"₩34,900",,,260623,,,,,
,false,,리얼코코,,BLOUSE&SHIRT,,[made] 세레나 블라우스 (랩/셔링/플레어/코튼/하객룩),https://realcoco.com/product/detail.html?product_no=29669,https://realcoco.com/web/product/medium/202601/fd76506689085da212d33b37827627bf.gif,"₩36,900",,,260623,,,,,
,false,,리얼코코,,BLOUSE&SHIRT,,루메 레이스 리본 블라우스 (브이넥/프릴/셔링/끈/플레어/코튼/하객룩/출근룩),https://realcoco.com/product/detail.html?product_no=29648,https://realcoco.com/web/product/medium/202508/ffe20ba5a8b4be1891df1e3f98e8bd9f.gif,"₩59,900",,,260623,,,,,
,false,,리얼코코,,BLOUSE&SHIRT,,[텐셀/살안타템/made] 브라이트 셔츠,https://realcoco.com/product/detail.html?product_no=29646,https://realcoco.com/web/product/medium/202509/c8a2779a0eeb8e37970814a06d6af830.gif,"₩39,900",,,260623,,,,,
,false,,리얼코코,,BLOUSE&SHIRT,,[여름셔츠/패턴셔츠/made] 비네트 체크 셔츠,https://realcoco.com/product/detail.html?product_no=29621,https://realcoco.com/web/product/medium/202602/8943af091db0d709a59966a660d3b8c3.gif,"₩39,900",,,260623,,,,,
,false,,리얼코코,,BLOUSE&SHIRT,,[하객룩/매듭/made] 에어린 타이 블라우스,https://realcoco.com/product/detail.html?product_no=29617,https://realcoco.com/web/product/medium/202509/d6ae219d9e5cb6dea8857675efcd4732.gif,"₩39,900",,,260623,,,,,
,false,,리얼코코,,BLOUSE&SHIRT,,카르엔 셔링 블라우스 (랩/셔링/라운드넥/데이트룩/데일리룩),https://realcoco.com/product/detail.html?product_no=29603,https://realcoco.com/web/product/medium/202508/4eb61f24e3995a017f645cff5478ab48.gif,"₩26,900",,,260623,,,,,
,false,,리얼코코,,BLOUSE&SHIRT,,매그넌 체크 스탠다드 셔츠 (오버핏/자수/코튼/살안타/패턴/긴팔/데일리룩),https://realcoco.com/product/detail.html?product_no=29599,https://realcoco.com/web/product/medium/202508/17738b1bc8fafc750fd01d7b58a7e6ae.gif,"₩49,900",,,260623,,,,,
,false,,리얼코코,,BLOUSE&SHIRT,,[살안타템/made] 포렌 스트라이프 셔츠 (2color),https://realcoco.com/product/detail.html?product_no=29431,https://realcoco.com/web/product/medium/202606/ce74b82f61ce30eefc0eba9743d411e7.gif,"₩39,900",,,260623,,,,,
,false,,리얼코코,,BLOUSE&SHIRT,,[살안타템/made] 로드니 스트라이프 셔츠 (4color),https://realcoco.com/product/detail.html?product_no=29392,https://realcoco.com/web/product/medium/202606/b7b3f5133f849fc1d5544a7e5bc046b0.gif,"₩39,900",,,260623,,,,,
,false,,리얼코코,,BLOUSE&SHIRT,,[뷔스티에/made] 토글 셔링 나시 블라우스 (3color),https://realcoco.com/product/detail.html?product_no=29378,https://realcoco.com/web/product/medium/202604/8e2db83deb42bbda93b4008efa01b0f4.gif,"₩32,900",,,260623,,,,,
,false,,리얼코코,,BLOUSE&SHIRT,,[펀칭/made] 플로밍 자수 나시 블라우스 (1color),https://realcoco.com/product/detail.html?product_no=29363,https://realcoco.com/web/product/medium/202507/54a1baf6062e20d5520bbcc2d33bcf96.gif,"₩29,900",,,260623,,,,,
,false,,리얼코코,,BLOUSE&SHIRT,,[슬리브리스/made] 루베리 리본 나시 블라우스 (3Color),https://realcoco.com/product/detail.html?product_no=29355,https://realcoco.com/web/product/medium/202605/918328cbb6fbf3241eca426b2815ffdb.gif,"₩34,900",,,260623,,,,,
,false,,리얼코코,,BLOUSE&SHIRT,,[시스루/made] 브루니 스트링 거즈 셔츠 (4color),https://realcoco.com/product/detail.html?product_no=29331,https://realcoco.com/web/product/medium/202604/80fb880c528feec2a726d7ca3f1aeeac.gif,"₩36,900",,,260623,,,,,
,false,,리얼코코,,BLOUSE&SHIRT,,[살안타템/made] 에디트 오버핏 셔츠 (5color),https://realcoco.com/product/detail.html?product_no=29330,https://realcoco.com/web/product/medium/202605/b2044676c0c7b4abfa177af2812c37a9.gif,"₩39,900",,,260623,,,,,
,false,,리얼코코,,BLOUSE&SHIRT,,[시어서커/made] 파이닝 셔링 리본 블라우스 (2color),https://realcoco.com/product/detail.html?product_no=29318,https://realcoco.com/web/product/medium/202506/64803ff25126b8948193f93f867bac4d.gif,"₩32,900",,,260623,,,,,
,false,,리얼코코,,BLOUSE&SHIRT,,[레이어드/made] 라이나 크롭 블라우스 (3color),https://realcoco.com/product/detail.html?product_no=29308,https://realcoco.com/web/product/medium/202604/eef8d10889eb5a3d82903ee31379bf14.gif,"₩29,900",,,260623,,,,,
,false,,리얼코코,,BLOUSE&SHIRT,,[끈조절/made] 소렌 뷔스티에 나시 블라우스 (4Color),https://realcoco.com/product/detail.html?product_no=29278,https://realcoco.com/web/product/medium/202604/b1db72e4a23874d654b2237954dec67c.gif,"₩29,900",,,260623,,,,,
,false,,리얼코코,,BLOUSE&SHIRT,,[나시/made] 퓨레 레이어드 블라우스 (3Color),https://realcoco.com/product/detail.html?product_no=29265,https://realcoco.com/web/product/medium/202606/180cf95848776b44103bb21d57df9171.gif,"₩29,900",,,260623,,,,,
,false,,리얼코코,,BLOUSE&SHIRT,,[단가라/made] 트리마 스트라이프 셔츠 (4color),https://realcoco.com/product/detail.html?product_no=29232,https://realcoco.com/web/product/medium/202604/78ef9aeb3c2f3ec7ef1b21a0465421ae.gif,"₩41,900",,,260623,,,,,
,false,,리얼코코,,BLOUSE&SHIRT,,[뷔스티에/made] 낸시 스퀘어넥 나시 블라우스 (3Color),https://realcoco.com/product/detail.html?product_no=29198,https://realcoco.com/web/product/medium/202603/cac882c43c3af8c60c9931a7c4d1756b.gif,"₩32,900",,,260623,,,,,
,false,,리얼코코,,BLOUSE&SHIRT,,[레이어드/made] 젤로 핀턱 나시 블라우스 (2color),https://realcoco.com/product/detail.html?product_no=29186,https://realcoco.com/web/product/medium/202604/3ec9717b574087a697ec9f3811b028ef.gif,"₩29,900",,,260623,,,,,
,false,,리얼코코,,BLOUSE&SHIRT,,데블 스트링 블라우스 - 2 Color (긴팔/단추/카라/출근룩/하객룩),https://realcoco.com/product/detail.html?product_no=29066,https://realcoco.com/web/product/medium/202503/04c87c5362cd120e29529345fe175b1a.gif,"₩44,900",,,260623,,,,,
,false,,리얼코코,,BLOUSE&SHIRT,,[레이어드/made] 리프인 리본 나시 블라우스 (4color),https://realcoco.com/product/detail.html?product_no=28999,https://realcoco.com/web/product/medium/202604/65c1d61526ab98b4592d32ecc17107c7.gif,"₩29,900",,,260623,,,,,
,false,,리얼코코,,BLOUSE&SHIRT,,[made/하객룩/스퀘어넥/크롭/리본] 실비아 플레어 블라우스,https://realcoco.com/product/detail.html?product_no=28975,https://realcoco.com/web/product/medium/202503/81be029e49b2c3a96b9e63f91f9aeb5e.gif,"₩42,900",,,260623,,,,,
,false,,리얼코코,,BLOUSE&SHIRT,,[made] 르베인 스트라이프 오버핏 셔츠 - 5 Color (출근룩/단가라/루즈핏/파스텔/남방),https://realcoco.com/product/detail.html?product_no=28932,https://realcoco.com/web/product/medium/202504/d5a6c3de2fbcfa856950752ec6d5d454.gif,"₩34,900",,,260623,,,,,
,false,,리얼코코,,BLOUSE&SHIRT,,[made] 루시엘 타이 블라우스 (하객룩/출근룩/오피스룩/하이넥/리본/긴팔),https://realcoco.com/product/detail.html?product_no=28931,https://realcoco.com/web/product/medium/202603/de1de85cd64c06df899905b803d8747e.gif,"₩42,900",,,260623,,,,,
,false,,리얼코코,,BLOUSE&SHIRT,,지니아 프릴 리본 블라우스 - 2 Color (긴팔/스트링/데이트룩/출근룩),https://realcoco.com/product/detail.html?product_no=28378,https://realcoco.com/web/product/medium/202410/8198b12c30ca98fb0cfe32976234a72d.gif,"₩36,900",,,260623,,,,,
,false,,리얼코코,,BLOUSE&SHIRT,,리보닝 셔링 레이스 리본 블라우스 - 2 Color (출근룩/긴팔),https://realcoco.com/product/detail.html?product_no=28318,https://realcoco.com/web/product/medium/202409/686b4879bbde634f3433876b1ee821d0.gif,"₩32,900",,,260623,,,,,
,false,,리얼코코,,BLOUSE&SHIRT,,거베나 프릴 리본 블라우스 - 2 Color (하객룩/출근룩/긴팔/간절기),https://realcoco.com/product/detail.html?product_no=28254,https://realcoco.com/web/product/medium/202409/09c723854a124bf59f1458a146ec4b76.gif,"₩29,900",,,260623,,,,,
,false,,리얼코코,,BLOUSE&SHIRT,,타잉 잔체크 오버핏 셔츠 - 2 Color (출근룩/긴팔/루즈핏),https://realcoco.com/product/detail.html?product_no=28252,https://realcoco.com/web/product/medium/202409/bca979b4eddd09df739ff59c8c32f15b.gif,"₩29,900",,,260623,,,,,
,false,,리얼코코,,BLOUSE&SHIRT,,[당일출발] 밀렌 체크 포켓 셔츠 - 2 Color (출근룩/루즈핏/긴팔),https://realcoco.com/product/detail.html?product_no=28239,https://realcoco.com/web/product/medium/202408/0d6e7d25f89195104b13013e2a608ddf.gif,"₩29,900",,,260623,,,,,
,false,,리얼코코,,BLOUSE&SHIRT,,루티 프릴 리본 블라우스 - 4 Color (출근룩/오피스룩/하객룩/긴팔),https://realcoco.com/product/detail.html?product_no=28001,https://realcoco.com/web/product/medium/202408/62cb690d6f7dbb71a705f0768fde1bf5.gif,"₩43,900",,,260623,,,,,
,false,,리얼코코,,BLOUSE&SHIRT,,[시즌오프/당일배송/made] 클리어 루즈핏 셔츠 - 3 Color (썸머/출근룩/하객룩/오피스룩/긴팔/오버핏/레이어드/빅사이즈/남방),https://realcoco.com/product/detail.html?product_no=27766,https://realcoco.com/web/product/medium/202504/c0e3f647edfca623425765cbc7dd21db.gif,"₩43,900",,,260623,,,,,
,false,,리얼코코,,BLOUSE&SHIRT,,[펀칭/made] 프라페 셔링 나시 블라우스 (3Color),https://realcoco.com/product/detail.html?product_no=27726,https://realcoco.com/web/product/medium/202604/c212d5b258d81947837491ab40336282.gif,"₩26,900",,,260623,,,,,
,false,,리얼코코,,BLOUSE&SHIRT,,[휴양지룩/made] 히스 아사 크롭셔츠 (4color),https://realcoco.com/product/detail.html?product_no=27699,https://realcoco.com/web/product/medium/202604/c37cf1b2d9287bdee6f4c0d3182aabcb.gif,"₩32,900",,,260623,,,,,
,false,,리얼코코,,BLOUSE&SHIRT,,[살안타템/made] 모모 체크 셔츠 (3color),https://realcoco.com/product/detail.html?product_no=27459,https://realcoco.com/web/product/medium/202604/fe26c4b44e385408381d6a94be4fa40f.gif,"₩39,900",,,260623,,,,,
,false,,리얼코코,,BLOUSE&SHIRT,,[시어서커/made] 레이블 체크 셔츠 (3Color),https://realcoco.com/product/detail.html?product_no=27420,https://realcoco.com/web/product/medium/202605/a7bc73bf9574269acd003c815419be23.gif,"₩39,900",,,260623,,,,,
,false,,리얼코코,,BLOUSE&SHIRT,,[시어서커/2만장돌파/made] 홀리 셔츠 (7color),https://realcoco.com/product/detail.html?product_no=27379,https://realcoco.com/web/product/medium/202606/40e07a402adf71baccf28981a989eecf.gif,"₩34,900",,,260623,,,,,
,false,,리얼코코,,BLOUSE&SHIRT,,[made/당일출발] 로미 타이 블라우스 - 2 Color (브이넥/하객룩/크롭/글로시),https://realcoco.com/product/detail.html?product_no=27240,https://realcoco.com/web/product/medium/202410/b8530917083682c3b2a669959fa0428c.gif,"₩43,900",,,260623,,,,,
,false,,리얼코코,,BLOUSE&SHIRT,,[누적3천장/made] 포이븐 핀턱 나시 블라우스 (3Color),https://realcoco.com/product/detail.html?product_no=27181,https://realcoco.com/web/product/medium/202604/60feab7cca9d2a4abc6cc9ac070c6bee.gif,"₩34,900",,,260623,,,,,
,false,,리얼코코,,BLOUSE&SHIRT,,미넨 뷔스티에 레이어드 블라우스 - 4 Color (퍼프/하객룩),https://realcoco.com/product/detail.html?product_no=27031,https://realcoco.com/web/product/medium/202402/fbc4d8eb3a2a5136d0493dec551c9f6c.gif,"₩24,900",,,260623,,,,,
,false,,리얼코코,,BLOUSE&SHIRT,,[하객룩/퍼프/노카라] 딜리브 타이 블라우스,https://realcoco.com/product/detail.html?product_no=26999,https://realcoco.com/web/product/medium/202512/9b0ebfde8847b718613c335f4eaf9021.gif,"₩48,900",,,260623,,,,,
,false,,리얼코코,,BLOUSE&SHIRT,,[하객룩] 헬레니 레이스 블라우스 - 2 Color (스트랩/코튼/출근룩/오피스룩),https://realcoco.com/product/detail.html?product_no=26982,https://realcoco.com/web/product/medium/202502/af97cf3d927a9653eca61b11f80a6fd2.gif,"₩39,900",,,260623,,,,,
,false,,리얼코코,,BLOUSE&SHIRT,,[출근룩/1만장돌파/made] 모노웨이 스트라이프 셔츠 - 3 Color (하객룩/오피스룩/데이트룩/긴팔/오버핏/루즈핏),https://realcoco.com/product/detail.html?product_no=25574,https://realcoco.com/web/product/medium/202409/0db2a26be4f5741e2e62875f324b0435.gif,"₩39,900",,,260623,,,,,
,false,,리얼코코,,BLOUSE&SHIRT,,린지 롤업 포켓 크롭 셔츠 - 4 Color (슬림핏/출근룩/하객룩),https://realcoco.com/product/detail.html?product_no=25507,https://realcoco.com/web/product/medium/202408/aa26d21f7fd2f430ded2fef9e760414d.gif,"₩34,900",,,260623,,,,,
,false,,리얼코코,,BLOUSE&SHIRT,,[시스루/made] 에디 스트릿 아사 크롭 셔츠 (5Color),https://realcoco.com/product/detail.html?product_no=25125,https://realcoco.com/web/product/medium/202604/ec7cb6d1e62883c2eabd745a02e2fe47.gif,"₩29,900",,,260623,,,,,
,false,,리얼코코,,BLOUSE&SHIRT,,[당일출발] 블리스 퍼프 블라우스 - 2 Color (라운드넥/셔링),https://realcoco.com/product/detail.html?product_no=22515,https://realcoco.com/web/product/medium/202502/18bda7de5b05e335691817dd18f2a1cb.gif,"₩24,500",,,260623,,,,,
,false,,리얼코코,,BLOUSE&SHIRT,,[기본&오버핏/8만장돌파/made] 메종 심플 크롭셔츠 - 6 Color (출근룩/하객룩/오피스룩/면접/오버핏/루즈핏/긴팔),https://realcoco.com/product/detail.html?product_no=21014,https://realcoco.com/web/product/medium/202410/0d1acc8b99ddee5ccd74ec2c87fe98f8.gif,"₩29,900",,,260623,,,,,
,false,,리얼코코,,BLOUSE&SHIRT,,[made/당일출발] 케미 프릴 카라블라우스 - 3 Size (셔링/하객룩),https://realcoco.com/product/detail.html?product_no=20953,https://realcoco.com/web/product/medium/202301/75c12b2b51625e777e9bcbc289b5aa13.gif,"₩33,000",,,260623,,,,,
,false,,리얼코코,,BLOUSE&SHIRT,,아케 히든버튼 크롭셔츠 - 7Color (포켓/베스트재진행/하객룩),https://realcoco.com/product/detail.html?product_no=20865,https://realcoco.com/web/product/medium/202301/bde748a36a918a9954463f83b7a08826.gif,"₩29,900",,,260623,,,,,
,false,,리얼코코,,BLOUSE&SHIRT,,[원피스/made] 아르보 나시 블라우스,https://realcoco.com/product/detail.html?product_no=30395,https://realcoco.com/web/product/medium/202603/af6156a45671733fbab2b3b69882b0f3.gif,"₩34,900",,,260623,,,,,
,false,,리얼코코,,BLOUSE&SHIRT,,[여름셔츠/긴팔/살안타템/made] 룩엣 스트라이프 셔츠,https://realcoco.com/product/detail.html?product_no=30289,https://realcoco.com/web/product/medium/202601/8a259e77fd15da10338aa0549fffda9e.gif,"₩39,900",,,260623,,,,,
,false,,리얼코코,,BLOUSE&SHIRT,,[하객룩/스트링/셔링/made] 슈메르 블라우스,https://realcoco.com/product/detail.html?product_no=29737,https://realcoco.com/web/product/medium/202509/e67a8e66014d33a941d4d30a3aac5629.gif,"₩34,900",,,260623,,,,,
,false,,리얼코코,,BLOUSE&SHIRT,,[2만장돌파/made] 플레인 스트라이프 셔츠 - 5 Color,https://realcoco.com/product/detail.html?product_no=24701,https://realcoco.com/web/product/medium/202409/0ef80b28cbfe0c5b84eac2155d3ec646.gif,"₩39,900",,,260623,,,,,
